RSN_ID,TENANT_ORG_ID,DATA_SRC_ID,RSN_TYPE_ID,RSN_CD,SRC_RSN_ID,RSN_DESC,RSN_LONG_DESC,CRE_TS,CRE_USER,UPD_TS,UPD_USER
189,4571,1,1,104,104,Damaged - Shipping to wrong store,Damaged - Shipping to wrong store,06/14/2014 01:59:46,GECWWBTLORDER0001,01/19/2017 01:09:56,GECWWBTLORDER0001
319,4571,7,2,6,-999,Recall cancel,Recall cancel,08/30/2016 04:35:53,GECWWBTLORDER0001,08/30/2016 04:35:53,GECWWBTLORDER0001
197,4571,1,1,112,112,S2S Wrong Item,S2S Wrong Item,06/14/2014 01:59:46,GECWWBTLORDER0001,01/19/2017 01:09:56,GECWWBTLORDER0001
27,4571,1,2,155,155,Cancelled by Fulfillment(Order Resol),Fulfillment Cancels Order line,04-10-2014 10:01,GECWWBTLORDER0001,04/25/2014 06:02:11,GECWWBTLORDER0001
29,4571,1,2,167,167,Cancelled by System - Online Check Auth Pending,"Invoice was in Online Check Auth Pending, past allotted time",04-10-2014 10:01,GECWWBTLORDER0001,04/25/2014 06:02:11,GECWWBTLORDER0001
281,4571,7,1,167,167,Shopping Card Refund,Shopping Card Refund,04/28/2016 11:38:04,GECWWBTLFIN0002,NULL,NULL
54,4571,1,3,133,133,Duplicate,NULL,04/25/2014 12:00:00,GECWWBTLFIN0002,01/19/2017 03:02:25,GECWWBTLFIN0003
119,4571,1,3,14,14,Bought for resale,NULL,04/25/2014 12:00:00,GECWWBTLFIN0002,01/19/2017 03:02:25,GECWWBTLFIN0003
81,4571,1,3,149,149,Wrong Shipping Method,NULL,04/25/2014 12:00:00,GECWWBTLFIN0002,01/19/2017 03:02:25,GECWWBTLFIN0003
307,4571,15,3,-999,-999,Late,Late,08-11-2016 11:51,GECWWBTLORDER0014,01-11-2017 10:27,GECWWBTLORDER0014
142,4571,1,3,156,156,Arrived Damaged (Refund) CL,NULL,04/25/2014 12:00:00,GECWWBTLFIN0002,01/19/2017 03:02:25,GECWWBTLFIN0003
100,4571,1,3,130,130,Associate Discount,NULL,04/25/2014 12:00:00,GECWWBTLFIN0002,01/19/2017 03:02:25,GECWWBTLFIN0003
90,4571,1,3,105,105,Broken in transit (packaging also damaged),NULL,04/25/2014 12:00:00,GECWWBTLFIN0002,01/19/2017 03:02:25,GECWWBTLFIN0003
298,4571,16,3,DEN,-999,DRIVER Dates-Goods not Rtnd,DRIVER Dates-Goods not Rtnd,08-11-2016 11:51,GECWWBTLORDER0014,01-11-2017 10:27,GECWWBTLORDER0014
266,4571,1,3,364,364,Fraud / Account Takeover / close Walmart.com account,NULL,03/19/2015 12:00:00,GECWWBTLFIN0003,01/19/2017 03:02:25,GECWWBTLFIN0003
287,4571,16,3,DSR,-999,DRIVER Subs-Not Suit Gds Rtnd,DRIVER Subs-Not Suit Gds Rtnd,08-11-2016 11:51,GECWWBTLORDER0014,01-11-2017 10:27,GECWWBTLORDER0014
123,4571,1,3,12,12,OLD_Defective Product,NULL,04/25/2014 12:00:00,GECWWBTLFIN0002,01/19/2017 03:02:25,GECWWBTLFIN0003
84,4571,1,3,202,202,Quality or Performance Not Adequate,NULL,04/25/2014 12:00:00,GECWWBTLFIN0002,01/19/2017 03:02:25,GECWWBTLFIN0003
157,4571,1,3,179,179,Failed Delivery Attempts,NULL,04/25/2014 12:00:00,GECWWBTLFIN0002,01/19/2017 03:02:25,GECWWBTLFIN0003
174,4571,1,3,152,152,Fraud,NULL,04/25/2014 12:00:00,GECWWBTLFIN0002,01/19/2017 03:02:25,GECWWBTLFIN0003
37,4571,1,2,163,163,Cancelled by System - Batch fail timeout,Order not resolved after last email notification sent,04-10-2014 10:01,GECWWBTLORDER0001,04/25/2014 06:02:11,GECWWBTLORDER0001
191,4571,1,1,106,106,Damaged - SBP,Damaged - SBP,06/14/2014 01:59:46,GECWWBTLORDER0001,01/19/2017 01:09:56,GECWWBTLORDER0001
96,4571,1,3,354,354,Warranty refunded due to associated item cancelled/refunded,NULL,04/25/2014 12:00:00,GECWWBTLFIN0002,01/19/2017 03:02:25,GECWWBTLFIN0003
73,4571,1,3,201,201,Missing parts/components,NULL,04/25/2014 12:00:00,GECWWBTLFIN0002,01/19/2017 03:02:25,GECWWBTLFIN0003
63,4571,1,3,112,112,Finance Delay,NULL,04/25/2014 12:00:00,GECWWBTLFIN0002,01/19/2017 03:02:25,GECWWBTLFIN0003
275,4571,7,1,DM,-999,Damaged,Damaged,04/19/2016 01:21:43,GECWWBTLFIN0002,NULL,NULL
161,4571,1,3,182,182,Refund-Return of Replacement Order,NULL,04/25/2014 12:00:00,GECWWBTLFIN0002,01/19/2017 03:02:25,GECWWBTLFIN0003
134,4571,1,3,155,155,Poor Quality,NULL,04/25/2014 12:00:00,GECWWBTLFIN0002,01/19/2017 03:02:25,GECWWBTLFIN0003
79,4571,1,3,352,352,Special Offer,NULL,04/25/2014 12:00:00,GECWWBTLFIN0002,01/19/2017 03:02:25,GECWWBTLFIN0003
285,4571,7,1,129,129,Customer return,Customer return,06/21/2016 01:09:25,GECWWBTLORDER0001,NULL,NULL
147,4571,1,3,162,162,S2S item was missing from box,NULL,04/25/2014 12:00:00,GECWWBTLFIN0002,01/19/2017 03:02:25,GECWWBTLFIN0003
309,4571,15,3,-999,-999,Not as pictured/Described on the website,Not as pictured/Described on the website,08-11-2016 11:51,GECWWBTLORDER0014,01-11-2017 10:27,GECWWBTLORDER0014
155,4571,1,3,176,176,S2S package Lost in transit from distributor,NULL,04/25/2014 12:00:00,GECWWBTLFIN0002,01/19/2017 03:02:25,GECWWBTLFIN0003
21,4571,1,2,180,180,Cancelled by System - MARKET PLACE TIMEOUT,Cancelled by system because of market place timeout,04-10-2014 10:01,GECWWBTLORDER0001,04/25/2014 06:02:11,GECWWBTLORDER0001
277,4571,7,1,MB,-999,Missing from Box,Missing from Box,04/19/2016 01:21:46,GECWWBTLFIN0002,NULL,NULL
82,4571,1,3,145,145,Never Arrived - Billing Info Rec'd CL,NULL,04/25/2014 12:00:00,GECWWBTLFIN0002,01/19/2017 03:02:25,GECWWBTLFIN0003
296,4571,16,3,DFN,-999,DRIVER Faulty-Goods not Rtnd,DRIVER Faulty-Goods not Rtnd,08-11-2016 11:51,GECWWBTLORDER0014,01-11-2017 10:27,GECWWBTLORDER0014
344,4571,7,4,56,56,Fraud,Fraud,12/15/2016 01:27:55,GECWWBTLFIN0002,NULL,NULL
14,4571,1,2,184,184,Cancel by System - Payment not received,Cancel by System because customer hasnt made payment for order at store in configurable deadline plus the grace hold time,04-10-2014 10:01,GECWWBTLORDER0001,04/25/2014 06:02:11,GECWWBTLORDER0001
43,4571,1,2,183,183,Cancel. Clear cart pending (Pay in store),Cancel. Clear cart pending (Pay in store),04-10-2014 10:01,GECWWBTLORDER0001,04/25/2014 06:02:11,GECWWBTLORDER0001
256,4571,1,1,99,99,S2S Damaged in Transit,S2S Damaged in Transit,06/14/2014 01:59:46,GECWWBTLORDER0001,01/19/2017 01:09:56,GECWWBTLORDER0001
35,4571,1,2,159,159,Cancelled by System - Real time auth Fail timeout,"Invoice was in Real time auth Failed, past allotted time",04-10-2014 10:01,GECWWBTLORDER0001,04/25/2014 06:02:11,GECWWBTLORDER0001
311,4571,15,3,-999,-999,Price discrepancy/price match,Price discrepancy/price match,08-11-2016 11:51,GECWWBTLORDER0014,01-11-2017 10:27,GECWWBTLORDER0014
370,4571,7,3,820,820,"Missing, charged","Missing, charged",01-03-2017 04:46,GECWWBTLFIN0002,NULL,NULL
286,4571,16,3,DSN,-999,DRIVER Subs-Not Suit Gds not Rtnd,DRIVER Subs-Not Suit Gds not Rtnd,08-11-2016 11:51,GECWWBTLORDER0014,01-11-2017 10:27,GECWWBTLORDER0014
75,4571,1,3,122,122,System Delay,NULL,04/25/2014 12:00:00,GECWWBTLFIN0002,01/19/2017 03:02:25,GECWWBTLFIN0003
210,4571,1,1,51,51,Changed Mind No Longer Wanted,Changed Mind: No Longer Wanted,06/14/2014 01:59:46,GECWWBTLORDER0001,01/19/2017 01:09:56,GECWWBTLORDER0001
204,4571,1,1,125,125,S2S Recall,S2S Recall,06/14/2014 01:59:46,GECWWBTLORDER0001,01/19/2017 01:09:56,GECWWBTLORDER0001
212,4571,1,1,53,53,Damaged,Damaged,06/14/2014 01:59:46,GECWWBTLORDER0001,01/19/2017 01:09:56,GECWWBTLORDER0001
267,4571,1,3,363,363,Negative ShippingPass experience / missed delivery promise,NULL,03/19/2015 12:00:00,GECWWBTLFIN0003,01/19/2017 03:02:25,GECWWBTLFIN0003
25,4571,1,2,158,158,Cancelled by System - Real time auth Error timeout,"Invoice was in Real time auth Error, past allotted time",04-10-2014 10:01,GECWWBTLORDER0001,04/25/2014 06:02:11,GECWWBTLORDER0001
271,4571,1,3,366,366,Violation of Terms and Conditions,NULL,01-07-2016 12:00,GECWWBTLFIN0003,01/19/2017 03:02:25,GECWWBTLFIN0003
260,4571,1,1,57,57,Fraud - no credit processed,Fraud - no credit processed,11-03-2014 11:48,GECWWBTLORDER0001,01/19/2017 01:09:56,GECWWBTLORDER0001
250,4571,1,1,92,92,Not as Pictured or Described on Website,Not as Pictured or Described on Website,06/14/2014 01:59:46,GECWWBTLORDER0001,01/19/2017 01:09:56,GECWWBTLORDER0001
144,4571,1,3,158,158,Defective (Replacement Order),NULL,04/25/2014 12:00:00,GECWWBTLFIN0002,01/19/2017 03:02:25,GECWWBTLFIN0003
214,4571,1,1,55,55,Other,Other,06/14/2014 01:59:46,GECWWBTLORDER0001,01/19/2017 01:09:56,GECWWBTLORDER0001
86,4571,1,3,204,204,APO FPO partial shipping refund,NULL,04/25/2014 12:00:00,GECWWBTLFIN0002,01/19/2017 03:02:25,GECWWBTLFIN0003
102,4571,1,3,107,107,Received Someone Else's Order,NULL,04/25/2014 12:00:00,GECWWBTLFIN0002,01/19/2017 03:02:25,GECWWBTLFIN0003
308,4571,15,3,-999,-999,"Missing, charged","Missing, charged",08-11-2016 11:51,GECWWBTLORDER0014,01-11-2017 10:27,GECWWBTLORDER0014
187,4571,1,1,102,102,Intent to cancel - S2S Refunded at walmart.com,Intent to cancel - S2S Refunded at walmart.com,06/14/2014 01:59:46,GECWWBTLORDER0001,01/19/2017 01:09:56,GECWWBTLORDER0001
218,4571,1,1,60,60,Wrong Size,Wrong Size,06/14/2014 01:59:46,GECWWBTLORDER0001,01/19/2017 01:09:56,GECWWBTLORDER0001
6,4571,1,2,195,195,Non-PUT Out of stock,Order Resolution page: Non-PUT Out of stock,04-10-2014 10:01,GECWWBTLORDER0001,04/25/2014 06:02:11,GECWWBTLORDER0001
164,4571,1,3,183,183,Consolidation_discrepancy,NULL,04/25/2014 12:00:00,GECWWBTLFIN0002,01/19/2017 03:02:25,GECWWBTLFIN0003
369,4571,7,3,829,829,Recalled,Recalled,01-03-2017 04:46,GECWWBTLFIN0002,NULL,NULL
132,4571,1,3,117,117,Poor Resolution,NULL,04/25/2014 12:00:00,GECWWBTLFIN0002,01/19/2017 03:02:25,GECWWBTLFIN0003
254,4571,1,1,97,97,S2S Lost in Transit,S2S Lost in Transit,06/14/2014 01:59:46,GECWWBTLORDER0001,01/19/2017 01:09:56,GECWWBTLORDER0001
145,4571,1,3,195,195,Partner Shipping Override correction,NULL,04/25/2014 12:00:00,GECWWBTLFIN0002,01/19/2017 03:02:25,GECWWBTLFIN0003
328,4571,7,4,87,87,Lost In Transit,Lost In Transit,12/15/2016 01:27:55,GECWWBTLFIN0002,NULL,NULL
342,4571,7,4,92,92,Not As Pictured or Described on Web,Not As Pictured or Described on Web,12/15/2016 01:27:55,GECWWBTLFIN0002,NULL,NULL
195,4571,1,1,110,110,Damaged - WPM,Damaged - WPM,06/14/2014 01:59:46,GECWWBTLORDER0001,01/19/2017 01:09:56,GECWWBTLORDER0001
138,4571,1,3,186,186,S2S item returned,NULL,04/25/2014 12:00:00,GECWWBTLFIN0002,01/19/2017 03:02:25,GECWWBTLFIN0003
367,4571,7,3,830,830,Store charging error,Store charging error,01-03-2017 04:46,GECWWBTLFIN0002,NULL,NULL
229,4571,1,1,71,71,Wrong Item Shipped,Wrong Item Shipped,06/14/2014 01:59:46,GECWWBTLORDER0001,01/19/2017 01:09:56,GECWWBTLORDER0001
323,4571,7,1,172,172,Late to Arrive,Late to Arrive,11-11-2016 08:46,GECWWBTLORDER0001,NULL,NULL
65,4571,1,3,104,104,Broken before shipping (packaging intact),NULL,04/25/2014 12:00:00,GECWWBTLFIN0002,01/19/2017 03:02:25,GECWWBTLFIN0003
44,4571,1,2,189,189,System AML Cancel,Order exceeded 48 hours in AML_Hold status and was automatically cancelled.,04-10-2014 10:01,GECWWBTLORDER0001,04/25/2014 06:02:11,GECWWBTLORDER0001
176,4571,1,3,177,177,S2S package Damaged at SBP,NULL,04/25/2014 12:00:00,GECWWBTLFIN0002,01/19/2017 03:02:25,GECWWBTLFIN0003
170,4571,1,3,191,191,S2S Express Membership Refund,NULL,04/25/2014 12:00:00,GECWWBTLFIN0002,01/19/2017 03:02:25,GECWWBTLFIN0003
60,4571,1,3,116,116,Poor Cropping,NULL,04/25/2014 12:00:00,GECWWBTLFIN0002,01/19/2017 03:02:25,GECWWBTLFIN0003
88,4571,1,3,16,16,Partial Tax Exempt Entity,NULL,04/25/2014 12:00:00,GECWWBTLFIN0002,01/19/2017 03:02:25,GECWWBTLFIN0003
269,4571,1,3,361,361,Has not used ShippingPass subscription/ changed mind,NULL,03/19/2015 12:00:00,GECWWBTLFIN0003,01/19/2017 03:02:25,GECWWBTLFIN0003
304,4571,15,3,-999,-999,Damaged,Damaged,08-11-2016 11:51,GECWWBTLORDER0014,01-11-2017 10:27,GECWWBTLORDER0014
203,4571,1,1,118,118,Inadequate Quality or Performance,Inadequate Quality or Performance,06/14/2014 01:59:46,GECWWBTLORDER0001,01/19/2017 01:09:56,GECWWBTLORDER0001
235,4571,1,1,77,77,Technical Difficulties License Acquisition Failure,Technical Difficulties:License Acquisition Failure,06/14/2014 01:59:46,GECWWBTLORDER0001,01/19/2017 01:09:56,GECWWBTLORDER0001
12,4571,1,2,170,170,Others,Others,04-10-2014 10:01,GECWWBTLORDER0001,04/25/2014 06:02:11,GECWWBTLORDER0001
104,4571,1,3,137,137,Premature Refund,NULL,04/25/2014 12:00:00,GECWWBTLFIN0002,01/19/2017 03:02:25,GECWWBTLFIN0003
252,4571,1,1,95,95,Missing Parts / Instructions,Missing Parts / Instructions,06/14/2014 01:59:46,GECWWBTLORDER0001,01/19/2017 01:09:56,GECWWBTLORDER0001
20,4571,1,2,156,156,Cancelled by System - Intent to cancel timeout,Intent to cancel process cancels Order line,04-10-2014 10:01,GECWWBTLORDER0001,04/25/2014 06:02:11,GECWWBTLORDER0001
249,4571,1,1,91,91,Perishable,Perishable,06/14/2014 01:59:46,GECWWBTLORDER0001,01/19/2017 01:09:56,GECWWBTLORDER0001
69,4571,1,3,17,17,Site to Store 3% Savings,NULL,04/25/2014 12:00:00,GECWWBTLFIN0002,01/19/2017 03:02:25,GECWWBTLFIN0003
48,4571,1,3,121,121,Store Delivery was Requested,NULL,04/25/2014 12:00:00,GECWWBTLFIN0002,01/19/2017 03:02:25,GECWWBTLFIN0003
338,4571,7,4,403,403,Missing Item In Order,Missing Item In Order,12/15/2016 01:27:55,GECWWBTLFIN0002,NULL,NULL
330,4571,7,4,97,97,S2S Lost In Transit,S2S Lost In Transit,12/15/2016 01:27:55,GECWWBTLFIN0002,NULL,NULL
186,4571,1,1,101,101,Store Equipment Down,Store Equipment Down,06/14/2014 01:59:46,GECWWBTLORDER0001,01/19/2017 01:09:56,GECWWBTLORDER0001
270,4571,1,2,200,200,Auto-cancelled due to store inactivity,PuT order auto-cancelled due to store inactivity,04-10-2015 12:10,GECWWBTLORDER0001,NULL,NULL
163,4571,1,3,194,194,Partner Shipping Override adjustment,NULL,04/25/2014 12:00:00,GECWWBTLFIN0002,01/19/2017 03:02:25,GECWWBTLFIN0003
340,4571,7,4,59,59,Incorrect Item Received,Incorrect Item Received,12/15/2016 01:27:55,GECWWBTLFIN0002,NULL,NULL
1,4571,1,2,172,172,Cancelled by System - Copyright,Line was in copyright hold over 30 days,04-10-2014 10:01,GECWWBTLORDER0001,04/25/2014 06:02:11,GECWWBTLORDER0001
231,4571,1,1,73,73,Wrong Shipping Method,Wrong Shipping Method,06/14/2014 01:59:46,GECWWBTLORDER0001,01/19/2017 01:09:56,GECWWBTLORDER0001
209,4571,1,1,143,143,Warranty related item cancelled/refunded,Warranty refunded due to associated item cancelled/refunded ,06/14/2014 01:59:46,GECWWBTLORDER0001,01/19/2017 01:09:56,GECWWBTLORDER0001
373,4571,7,3,827,827,Wrong item received,Wrong item received,01-03-2017 04:46,GECWWBTLFIN0002,NULL,NULL
279,4571,7,1,AR,-999,Age Restricted,Age Restricted,04/19/2016 01:21:47,GECWWBTLFIN0002,NULL,NULL
182,4571,1,3,355,355,PUT ordrer re-shopped to another store with lower tax,NULL,05/20/2014 12:00:00,GECWWBTLFIN0002,01/19/2017 03:02:25,GECWWBTLFIN0003
180,4571,1,3,164,164,S2S item was damaged,NULL,04/25/2014 12:00:00,GECWWBTLFIN0002,01/19/2017 03:02:25,GECWWBTLFIN0003
3,4571,1,2,173,173,Cancelled by System - Fulfillment error,Cancelled due to fulfillment errors,04-10-2014 10:01,GECWWBTLORDER0001,04/25/2014 06:02:11,GECWWBTLORDER0001
127,4571,1,3,144,144,Missing Item in Order,NULL,04/25/2014 12:00:00,GECWWBTLFIN0002,01/19/2017 03:02:25,GECWWBTLFIN0003
31,4571,1,2,165,165,Cancelled by System - Backorder Timeout,Automatic backorder cancellation - too many days passed since first backorder,04-10-2014 10:01,GECWWBTLORDER0001,04/25/2014 06:02:11,GECWWBTLORDER0001
149,4571,1,3,189,189,Late to Arrive,NULL,04/25/2014 12:00:00,GECWWBTLFIN0002,01/19/2017 03:02:25,GECWWBTLFIN0003
268,4571,1,3,365,365,Not happy with ShippingPass offering/assortment(Used),NULL,03/19/2015 12:00:00,GECWWBTLFIN0003,01/19/2017 03:02:25,GECWWBTLFIN0003
41,4571,1,2,178,178,Cancelled by System - PayPal Auth pending,Cancelled by the system becuase PayPal Auth pending,04-10-2014 10:01,GECWWBTLORDER0001,04/25/2014 06:02:11,GECWWBTLORDER0001
33,4571,1,2,197,197,Warranty refunded,Warranty refunded due to associated item cancelled/refunded,04-10-2014 10:01,GECWWBTLORDER0001,04/25/2014 06:02:11,GECWWBTLORDER0001
363,4571,7,3,828,828,Wrong quantity,Wrong quantity,01-03-2017 04:46,GECWWBTLFIN0002,NULL,NULL
71,4571,1,3,127,127,Bulk Shipping Discount,NULL,04/25/2014 12:00:00,GECWWBTLFIN0002,01/19/2017 03:02:25,GECWWBTLFIN0003
10,4571,1,2,176,176,Cancelled by System - PayPal capture Failure,Cancelled by the system becuase PayPal capture failed,04-10-2014 10:01,GECWWBTLORDER0001,04/25/2014 06:02:11,GECWWBTLORDER0001
172,4571,1,3,160,160,Received RPLC message from Wal-Mart Stores,NULL,04/25/2014 12:00:00,GECWWBTLFIN0002,01/19/2017 03:02:25,GECWWBTLFIN0003
334,4571,7,4,73,73,Shipping Price Discrepancy,Shipping Price Discrepancy,12/15/2016 01:27:55,GECWWBTLFIN0002,NULL,NULL
140,4571,1,3,187,187,Recharge after virtual return,NULL,04/25/2014 12:00:00,GECWWBTLFIN0002,01/19/2017 03:02:25,GECWWBTLFIN0003
205,4571,1,1,135,135,Age Restricted,Age Restricted,06/14/2014 01:59:46,GECWWBTLORDER0001,01/19/2017 01:09:56,GECWWBTLORDER0001
253,4571,1,1,96,96,Copyright Issue,Copyright Issue,06/14/2014 01:59:46,GECWWBTLORDER0001,01/19/2017 01:09:56,GECWWBTLORDER0001
67,4571,1,3,5,5,OLD_Wrong size/color,NULL,04/25/2014 12:00:00,GECWWBTLFIN0002,01/19/2017 03:02:25,GECWWBTLFIN0003
7,4571,1,2,196,196,Warranty auto-refunded,Warranty auto-refunded due to associated item cancelled/refunded,04-10-2014 10:01,GECWWBTLORDER0001,04/25/2014 06:02:11,GECWWBTLORDER0001
332,4571,7,4,114,114,S2S Damage,S2S Damage,12/15/2016 01:27:55,GECWWBTLFIN0002,NULL,NULL
211,4571,1,1,52,52,Wrong Item Ordered,Wrong Item Ordered,06/14/2014 01:59:46,GECWWBTLORDER0001,01/19/2017 01:09:56,GECWWBTLORDER0001
226,4571,1,1,68,68,Arrived Damaged refund ,Arrived Damaged (refund),06/14/2014 01:59:46,GECWWBTLORDER0001,01/19/2017 01:09:56,GECWWBTLORDER0001
361,4571,7,4,406,406,Billing Error,Billing Error,12/29/2016 12:08:49,GECWWBTLFIN0002,NULL,NULL
291,4571,16,3,DQR,-999,DRIVER Quantity-Goods Rtnd,DRIVER Quantity-Goods Rtnd,08-11-2016 11:51,GECWWBTLORDER0014,01-11-2017 10:27,GECWWBTLORDER0014
300,4571,16,3,DDN,-999,DRIVER Damages-Goods not Rtnd,DRIVER Damages-Goods not Rtnd,08-11-2016 11:51,GECWWBTLORDER0014,01-11-2017 10:27,GECWWBTLORDER0014
368,4571,7,3,92,92,Not as pictured/Described on the website,Not as pictured/Described on the website,01-03-2017 04:46,GECWWBTLFIN0002,NULL,NULL
87,4571,1,3,13,13,Tax Exempt,NULL,04/25/2014 12:00:00,GECWWBTLFIN0002,01/19/2017 03:02:25,GECWWBTLFIN0003
143,4571,1,3,192,192,Lost After Delivery,NULL,04/25/2014 12:00:00,GECWWBTLFIN0002,01/19/2017 03:02:25,GECWWBTLFIN0003
188,4571,1,1,103,103,S2S item returned,S2S item returned,06/14/2014 01:59:46,GECWWBTLORDER0001,01/19/2017 01:09:56,GECWWBTLORDER0001
64,4571,1,3,114,114,Lost in Transit,NULL,04/25/2014 12:00:00,GECWWBTLFIN0002,01/19/2017 03:02:25,GECWWBTLFIN0003
273,4571,7,1,RM,-999,Remorse,Remorse,04/19/2016 01:21:40,GECWWBTLFIN0002,NULL,NULL
22,4571,1,2,175,175,Cancelled by System - BML Re-authorization Failure,Cancelled by the system because BML authorization expired and reauthorization failed,04-10-2014 10:01,GECWWBTLORDER0001,04/25/2014 06:02:11,GECWWBTLORDER0001
245,4571,1,1,87,87,Lost in Transit,Lost in Transit,06/14/2014 01:59:46,GECWWBTLORDER0001,01/19/2017 01:09:56,GECWWBTLORDER0001
168,4571,1,3,196,196,Partner Shipping Override correction against order amounts,NULL,04/25/2014 12:00:00,GECWWBTLFIN0002,01/19/2017 03:02:25,GECWWBTLFIN0003
184,4571,1,1,-100,-100,Reason to have default Handling for DSV items,Reason to have default Handling for DSV items,06/14/2014 01:59:46,GECWWBTLORDER0001,01/19/2017 01:09:56,GECWWBTLORDER0001
314,4571,15,3,-999,-999,Store charging error,Store charging error,08-11-2016 11:51,GECWWBTLORDER0014,01-11-2017 10:27,GECWWBTLORDER0014
327,4571,7,4,118,118,Quality or Performance Not Adequate,Quality or Performance Not Adequate,12/15/2016 01:27:55,GECWWBTLFIN0002,NULL,NULL
325,4571,7,4,101,101,Store Error or Experience,Store Error or Experience,12/15/2016 01:27:55,GECWWBTLFIN0002,NULL,NULL
243,4571,1,1,85,85,Over shipped extra items in 1 shipment,Over shipped(extra items in 1 shipment,06/14/2014 01:59:46,GECWWBTLORDER0001,01/19/2017 01:09:56,GECWWBTLORDER0001
365,4571,7,3,826,826,Short Date (outside of range),Short Date (outside of range),01-03-2017 04:46,GECWWBTLFIN0002,NULL,NULL
171,4571,1,3,197,197,Defective (No Replacement Order),NULL,04/25/2014 12:00:00,GECWWBTLFIN0002,01/19/2017 03:02:25,GECWWBTLFIN0003
206,4571,1,1,140,140,Store Incorrectly Updated to Picked Up,Store Incorrectly Updated to Picked Up,06/14/2014 01:59:46,GECWWBTLORDER0001,01/19/2017 01:09:56,GECWWBTLORDER0001
216,4571,1,1,58,58,Undeliverable,Undeliverable,06/14/2014 01:59:46,GECWWBTLORDER0001,01/19/2017 01:09:56,GECWWBTLORDER0001
121,4571,1,3,142,142,Arrived Damaged (Replacement Order) CL,NULL,04/25/2014 12:00:00,GECWWBTLFIN0002,01/19/2017 03:02:25,GECWWBTLFIN0003
85,4571,1,3,101,101,Arrived Dead,NULL,04/25/2014 12:00:00,GECWWBTLFIN0002,01/19/2017 03:02:25,GECWWBTLFIN0003
105,4571,1,3,124,124,Item Arrived Late,NULL,04/25/2014 12:00:00,GECWWBTLFIN0002,01/19/2017 03:02:25,GECWWBTLFIN0003
39,4571,1,2,169,169,Cancelled by System - Vendor Hold,Automatic vendor hold cancellation - too many days passed since transmitted to vendor,04-10-2014 10:01,GECWWBTLORDER0001,04/25/2014 06:02:11,GECWWBTLORDER0001
341,4571,7,4,402,402,Free Order Support,Free Order Support,12/15/2016 01:27:55,GECWWBTLFIN0002,NULL,NULL
283,4571,7,1,169,169,B2B Customer Request,B2B Customer Request,04/28/2016 11:38:04,GECWWBTLFIN0002,NULL,NULL
62,4571,1,3,115,115,Not as Pictured or Described on Website,NULL,04/25/2014 12:00:00,GECWWBTLFIN0002,01/19/2017 03:02:25,GECWWBTLFIN0003
159,4571,1,3,180,180,Incorrect Item Received,NULL,04/25/2014 12:00:00,GECWWBTLFIN0002,01/19/2017 03:02:25,GECWWBTLFIN0003
272,4571,1,1,49,49,Invalid Store Return,NULL,03/16/2016 05:15:48,GECWWBTLORDER0001,NULL,NULL
220,4571,1,1,62,62,Didn t Meet Expectations,Didn't Meet Expectations,06/14/2014 01:59:46,GECWWBTLORDER0001,01/19/2017 01:09:56,GECWWBTLORDER0001
241,4571,1,1,83,83,Damaged in Transit Replacement Order ,Damaged in Transit (Replacement Order),06/14/2014 01:59:46,GECWWBTLORDER0001,01/19/2017 01:09:56,GECWWBTLORDER0001
280,4571,7,1,152,152,Fraud,Fraud,04/28/2016 11:38:04,GECWWBTLFIN0002,NULL,NULL
201,4571,1,1,116,116,S2S Missing,S2S Missing,06/14/2014 01:59:46,GECWWBTLORDER0001,01/19/2017 01:09:56,GECWWBTLORDER0001
331,4571,7,4,401,401,Replacement Card,Replacement Card,12/15/2016 01:27:55,GECWWBTLFIN0002,NULL,NULL
56,4571,1,3,139,139,Other Surcharge,NULL,04/25/2014 12:00:00,GECWWBTLFIN0002,01/19/2017 03:02:25,GECWWBTLFIN0003
310,4571,15,3,-999,-999,Out of Date/Expired,Out of Date/Expired,08-11-2016 11:51,GECWWBTLORDER0014,01-11-2017 10:27,GECWWBTLORDER0014
58,4571,1,3,200,200,Returned but Refund or Replacement Not recd.,NULL,04/25/2014 12:00:00,GECWWBTLFIN0002,01/19/2017 03:02:25,GECWWBTLFIN0003
98,4571,1,3,110,110,Did not work upon receipt,NULL,04/25/2014 12:00:00,GECWWBTLFIN0002,01/19/2017 03:02:25,GECWWBTLFIN0003
117,4571,1,3,138,138,Wrong Item Ordered,NULL,04/25/2014 12:00:00,GECWWBTLFIN0002,01/19/2017 03:02:25,GECWWBTLFIN0003
224,4571,1,1,66,66,Failed Delivery Attempts,Failed Delivery Attempts,06/14/2014 01:59:46,GECWWBTLORDER0001,01/19/2017 01:09:56,GECWWBTLORDER0001
34,4571,1,2,191,191,Pricing Error,Order Resolution page: Pricing Error,04-10-2014 10:01,GECWWBTLORDER0001,04/25/2014 06:02:11,GECWWBTLORDER0001
258,4571,1,2,198,198,Cancelled reshop order by Customer,Customer Cancels reshop order,07/16/2014 11:26:04,GECWWBTLORDER0001,NULL,NULL
219,4571,1,1,61,61,Found Better Price,Found Better Price,06/14/2014 01:59:46,GECWWBTLORDER0001,01/19/2017 01:09:56,GECWWBTLORDER0001
237,4571,1,1,79,79,Customer Return,Customer Return,06/14/2014 01:59:46,GECWWBTLORDER0001,01/19/2017 01:09:56,GECWWBTLORDER0001
222,4571,1,1,64,64,Customer Refused Shipment,Customer Refused Shipment,06/14/2014 01:59:46,GECWWBTLORDER0001,01/19/2017 01:09:56,GECWWBTLORDER0001
15,4571,1,2,179,179,Cancelled by MP Partner,Cancelled by Market Place Partner,04-10-2014 10:01,GECWWBTLORDER0001,04/25/2014 06:02:11,GECWWBTLORDER0001
239,4571,1,1,81,81,Fraud credit ,Fraud (credit),06/14/2014 01:59:46,GECWWBTLORDER0001,01/19/2017 01:09:56,GECWWBTLORDER0001
77,4571,1,3,126,126,Test Order,NULL,04/25/2014 12:00:00,GECWWBTLFIN0002,01/19/2017 03:02:25,GECWWBTLFIN0003
116,4571,1,3,111,111,Didn't Meet Expectations,NULL,04/25/2014 12:00:00,GECWWBTLFIN0002,01/19/2017 03:02:25,GECWWBTLFIN0003
278,4571,7,1,RC,-999,Recall,Recall,04/19/2016 01:21:46,GECWWBTLFIN0002,NULL,NULL
136,4571,1,3,165,165,S2S Customer's remorse reason,NULL,04/25/2014 12:00:00,GECWWBTLFIN0002,01/19/2017 03:02:25,GECWWBTLFIN0003
217,4571,1,1,59,59,Incorrect Item Received,Incorrect Item Received,06/14/2014 01:59:46,GECWWBTLORDER0001,01/19/2017 01:09:56,GECWWBTLORDER0001
339,4571,7,4,405,405,Rollback,Rollback,12/15/2016 01:27:55,GECWWBTLFIN0002,NULL,NULL
317,4571,7,2,4,-999,Out of Stock,Out of Stock,08/30/2016 04:35:52,GECWWBTLORDER0001,08/30/2016 04:35:52,GECWWBTLORDER0001
83,4571,1,3,1,1,Promotion,NULL,04/25/2014 12:00:00,GECWWBTLFIN0002,01/19/2017 03:02:25,GECWWBTLFIN0003
301,4571,16,3,DDR,-999,DRIVER Damages-Goods Rtnd,DRIVER Damages-Goods Rtnd,08-11-2016 11:51,GECWWBTLORDER0014,01-11-2017 10:27,GECWWBTLORDER0014
146,4571,1,3,151,151,Did Not Meet Expectations,NULL,04/25/2014 12:00:00,GECWWBTLFIN0002,01/19/2017 03:02:25,GECWWBTLFIN0003
196,4571,1,1,111,111,LIT - WPM,LIT - WPM,06/14/2014 01:59:46,GECWWBTLORDER0001,01/19/2017 01:09:56,GECWWBTLORDER0001
302,4571,15,3,-999,-999,Unacceptable sub,Unacceptable sub,08-11-2016 11:51,GECWWBTLORDER0014,01-11-2017 10:27,GECWWBTLORDER0014
50,4571,1,3,10,10,OLD_Never Showed Up,NULL,04/25/2014 12:00:00,GECWWBTLFIN0002,01/19/2017 03:02:25,GECWWBTLFIN0003
193,4571,1,1,108,108,LIT - RDC,LIT - RDC,06/14/2014 01:59:46,GECWWBTLORDER0001,01/19/2017 01:09:56,GECWWBTLORDER0001
53,4571,1,3,125,125,PO / Not Paid by Credit Card,NULL,04/25/2014 12:00:00,GECWWBTLFIN0002,01/19/2017 03:02:25,GECWWBTLFIN0003
177,4571,1,3,157,157,Damaged,NULL,04/25/2014 12:00:00,GECWWBTLFIN0002,01/19/2017 03:02:25,GECWWBTLFIN0003
299,4571,16,3,DER,-999,DRIVER Dates-Goods Rtnd,DRIVER Dates-Goods Rtnd,08-11-2016 11:51,GECWWBTLORDER0014,01-11-2017 10:27,GECWWBTLORDER0014
313,4571,15,3,-999,-999,Short Date (within range),Short Date (within range),08-11-2016 11:51,GECWWBTLORDER0014,01-11-2017 10:27,GECWWBTLORDER0014
76,4571,1,3,350,350,MP3 Gift Card Reimbursement,NULL,04/25/2014 12:00:00,GECWWBTLFIN0002,01/19/2017 03:02:25,GECWWBTLFIN0003
297,4571,16,3,DFR,-999,DRIVER Faulty-Goods Rtnd,DRIVER Faulty-Goods Rtnd,08-11-2016 11:51,GECWWBTLORDER0014,01-11-2017 10:27,GECWWBTLORDER0014
240,4571,1,1,82,82,Lost in Transit replacement order ,Lost in Transit (replacement order),06/14/2014 01:59:46,GECWWBTLORDER0001,01/19/2017 01:09:56,GECWWBTLORDER0001
94,4571,1,3,185,185,S2S Shipping to wrong store,NULL,04/25/2014 12:00:00,GECWWBTLFIN0002,01/19/2017 03:02:25,GECWWBTLFIN0003
175,4571,1,3,181,181,Perishables,NULL,04/25/2014 12:00:00,GECWWBTLFIN0002,01/19/2017 03:02:25,GECWWBTLFIN0003
372,4571,7,3,824,824,Out of Date/Expired,Out of Date/Expired,01-03-2017 04:46,GECWWBTLFIN0002,NULL,NULL
198,4571,1,1,113,113,S2S Remorse,S2S Remorse,06/14/2014 01:59:46,GECWWBTLORDER0001,01/19/2017 01:09:56,GECWWBTLORDER0001
137,4571,1,3,167,167,Shopping Card Refund,NULL,04/25/2014 12:00:00,GECWWBTLFIN0002,01/19/2017 03:02:25,GECWWBTLFIN0003
13,4571,1,2,171,171,Cancelled by System - Clear Cart Failed,Clear Cart failed with terminal status,04-10-2014 10:01,GECWWBTLORDER0001,04/25/2014 06:02:11,GECWWBTLORDER0001
72,4571,1,3,3,3,OLD_Late arrival,NULL,04/25/2014 12:00:00,GECWWBTLFIN0002,01/19/2017 03:02:25,GECWWBTLFIN0003
242,4571,1,1,84,84,Did not want,Did not want,06/14/2014 01:59:46,GECWWBTLORDER0001,01/19/2017 01:09:56,GECWWBTLORDER0001
320,4571,7,2,7,-999,FULF_CANCEL_PRICE_ERROR,MP Pricing error,08/30/2016 04:35:53,GECWWBTLORDER0001,08/30/2016 04:35:53,GECWWBTLORDER0001
111,4571,1,3,6,6,Goodwill,NULL,04/25/2014 12:00:00,GECWWBTLFIN0002,01/19/2017 03:02:25,GECWWBTLFIN0003
55,4571,1,3,148,148,Bad Address,NULL,04/25/2014 12:00:00,GECWWBTLFIN0002,01/19/2017 03:02:25,GECWWBTLFIN0003
236,4571,1,1,78,78,Duplicate Order,Duplicate Order,06/14/2014 01:59:46,GECWWBTLORDER0001,01/19/2017 01:09:56,GECWWBTLORDER0001
38,4571,1,2,152,152,Cancelled by Customer Service,Customer Service Cancels Order,04-10-2014 10:01,GECWWBTLORDER0001,04/25/2014 06:02:11,GECWWBTLORDER0001
259,4571,1,3,358,358,Savings Catcher Adjustment,NULL,11-02-2014 12:00,GECWWBTLFIN0002,01/19/2017 03:02:25,GECWWBTLFIN0003
99,4571,1,3,15,15,Phone Comping Adjustment,NULL,04/25/2014 12:00:00,GECWWBTLFIN0002,01/19/2017 03:02:25,GECWWBTLFIN0003
92,4571,1,3,260,260,PUT Store Initiated Cancellation,NULL,04/25/2014 12:00:00,GECWWBTLFIN0002,01/19/2017 03:02:25,GECWWBTLFIN0003
194,4571,1,1,109,109,Damaged - RDC,Damaged - RDC,06/14/2014 01:59:46,GECWWBTLORDER0001,01/19/2017 01:09:56,GECWWBTLORDER0001
30,4571,1,2,157,157,Cancelled by System - Real time auth Ready timeout,"Invoice was in Real time auth Ready, past allotted time",04-10-2014 10:01,GECWWBTLORDER0001,04/25/2014 06:02:11,GECWWBTLORDER0001
51,4571,1,3,11,11,OLD_Wrong Item,NULL,04/25/2014 12:00:00,GECWWBTLFIN0002,01/19/2017 03:02:25,GECWWBTLFIN0003
11,4571,1,2,153,153,Cancelled by Customer Service,Customer Service Cancels Line,04-10-2014 10:01,GECWWBTLORDER0001,04/25/2014 06:02:11,GECWWBTLORDER0001
238,4571,1,1,80,80,Wrong Download Sent,Wrong Download Sent,06/14/2014 01:59:46,GECWWBTLORDER0001,01/19/2017 01:09:56,GECWWBTLORDER0001
303,4571,15,3,-999,-999,Changed mind,Changed mind,08-11-2016 11:51,GECWWBTLORDER0014,01-11-2017 10:27,GECWWBTLORDER0014
95,4571,1,3,108,108,Customer ordered wrong item,NULL,04/25/2014 12:00:00,GECWWBTLFIN0002,01/19/2017 03:02:25,GECWWBTLFIN0003
316,4571,7,2,2,-999,Item Invalid,Item Invalid,08/30/2016 04:35:52,GECWWBTLORDER0001,08/30/2016 04:35:52,GECWWBTLORDER0001
178,4571,1,3,163,163,S2S package was lost in the store,NULL,04/25/2014 12:00:00,GECWWBTLFIN0002,01/19/2017 03:02:25,GECWWBTLFIN0003
152,4571,1,3,168,168,Lost After Delivery,NULL,04/25/2014 12:00:00,GECWWBTLFIN0002,01/19/2017 03:02:25,GECWWBTLFIN0003
80,4571,1,3,205,205,Pay in person - item price lowered,NULL,04/25/2014 12:00:00,GECWWBTLFIN0002,01/19/2017 03:02:25,GECWWBTLFIN0003
9,4571,1,2,174,174,Cancelled by System - Corrupt Images,Cancelled due to corrupt images,04-10-2014 10:01,GECWWBTLORDER0001,04/25/2014 06:02:11,GECWWBTLORDER0001
221,4571,1,1,63,63,Late to Arrive,Late to Arrive,06/14/2014 01:59:46,GECWWBTLORDER0001,01/19/2017 01:09:56,GECWWBTLORDER0001
133,4571,1,3,136,136,GE Replacement Parts,NULL,04/25/2014 12:00:00,GECWWBTLFIN0002,01/19/2017 03:02:25,GECWWBTLFIN0003
276,4571,7,1,WI,-999,Wrong Item,Wrong Item,04/19/2016 01:21:45,GECWWBTLFIN0002,NULL,NULL
23,4571,1,2,190,190,Cancelled by System - PIP payment expired,PIP payment not received till expiry date,04-10-2014 10:01,GECWWBTLORDER0001,04/25/2014 06:02:11,GECWWBTLORDER0001
173,4571,1,3,169,169,B2B Customer Request,NULL,04/25/2014 12:00:00,GECWWBTLFIN0002,01/19/2017 03:02:25,GECWWBTLFIN0003
135,4571,1,3,161,161,S2S item has expired,NULL,04/25/2014 12:00:00,GECWWBTLFIN0002,01/19/2017 03:02:25,GECWWBTLFIN0003
91,4571,1,3,103,103,Arrived Wilted,NULL,04/25/2014 12:00:00,GECWWBTLFIN0002,01/19/2017 03:02:25,GECWWBTLFIN0003
364,4571,7,3,821,821,"Missing, not charged","Missing, not charged",01-03-2017 04:46,GECWWBTLFIN0002,NULL,NULL
-999,4571,7,3,-999,-999,N/A,N/A,06/29/2015 12:40:27,GECWWBTLORDER0001,NULL,NULL
17,4571,1,2,193,193,Incorrect Item/description/image,Order Resolution page: Incorrect Item/description/image,04-10-2014 10:01,GECWWBTLORDER0001,04/25/2014 06:02:11,GECWWBTLORDER0001
232,4571,1,1,74,74,Tried to Cancel,Tried to Cancel,06/14/2014 01:59:46,GECWWBTLORDER0001,01/19/2017 01:09:56,GECWWBTLORDER0001
78,4571,1,3,118,118,Shipped right item for wrong order,NULL,04/25/2014 12:00:00,GECWWBTLFIN0002,01/19/2017 03:02:25,GECWWBTLFIN0003
89,4571,1,3,140,140,Overshipment,NULL,04/25/2014 12:00:00,GECWWBTLFIN0002,01/19/2017 03:02:25,GECWWBTLFIN0003
141,4571,1,3,150,150,Shipping Price Discrepancy,NULL,04/25/2014 12:00:00,GECWWBTLFIN0002,01/19/2017 03:02:25,GECWWBTLFIN0003
160,4571,1,3,188,188,Missing Parts / Instructions,NULL,04/25/2014 12:00:00,GECWWBTLFIN0002,01/19/2017 03:02:25,GECWWBTLFIN0003
295,4571,16,3,DGW,-999,DRIVER Goodwill,DDRIVER Goodwill,08-11-2016 11:51,GECWWBTLORDER0014,01-11-2017 10:27,GECWWBTLORDER0014
318,4571,7,2,5,-999,FULF_CANCEL-Order cannot be fulfilled,FULF_CANCEL-Order cannot be fulfilled,08/30/2016 04:35:52,GECWWBTLORDER0001,08/30/2016 04:35:52,GECWWBTLORDER0001
139,4571,1,3,193,193,Intent to cancel - S2S Refunded at walmart.com,NULL,04/25/2014 12:00:00,GECWWBTLFIN0002,01/19/2017 03:02:25,GECWWBTLFIN0003
114,4571,1,3,109,109,Delivered & Left at Door - Package Missing CL,NULL,04/25/2014 12:00:00,GECWWBTLFIN0002,01/19/2017 03:02:25,GECWWBTLFIN0003
366,4571,7,3,822,822,Unacceptable sub,Unacceptable sub,01-03-2017 04:46,GECWWBTLFIN0002,NULL,NULL
129,4571,1,3,146,146,Never Arrived - Wrong Tracking # CL,NULL,04/25/2014 12:00:00,GECWWBTLFIN0002,01/19/2017 03:02:25,GECWWBTLFIN0003
200,4571,1,1,115,115,S2S Lost,S2S Lost,06/14/2014 01:59:46,GECWWBTLORDER0001,01/19/2017 01:09:56,GECWWBTLORDER0001
234,4571,1,1,76,76,Technical Difficulties Download Failure,Technical Difficulties:Download Failure,06/14/2014 01:59:46,GECWWBTLORDER0001,01/19/2017 01:09:56,GECWWBTLORDER0001
192,4571,1,1,107,107,LIT - Distributor,LIT - Distributor,06/14/2014 01:59:46,GECWWBTLORDER0001,01/19/2017 01:09:56,GECWWBTLORDER0001
74,4571,1,3,131,131,Technical Difficulties Downloading Failure,NULL,04/25/2014 12:00:00,GECWWBTLFIN0002,01/19/2017 03:02:25,GECWWBTLFIN0003
251,4571,1,1,93,93,Lost After Delivery,Lost After Delivery,06/14/2014 01:59:46,GECWWBTLORDER0001,01/19/2017 01:09:56,GECWWBTLORDER0001
255,4571,1,1,98,98,S2S Shipped to Wrong Store,S2S Shipped to Wrong Store,06/14/2014 01:59:46,GECWWBTLORDER0001,01/19/2017 01:09:56,GECWWBTLORDER0001
112,4571,1,3,7,7,Billing Error,NULL,04/25/2014 12:00:00,GECWWBTLFIN0002,01/19/2017 03:02:25,GECWWBTLFIN0003
32,4571,1,2,160,160,Cancelled by System - DENY below cancel threshold,Deny fraudcheck and below the cancellation threshold,04-10-2014 10:01,GECWWBTLORDER0001,04/25/2014 06:02:11,GECWWBTLORDER0001
202,4571,1,1,117,117,S2S Expired,S2S Expired,06/14/2014 01:59:46,GECWWBTLORDER0001,01/19/2017 01:09:56,GECWWBTLORDER0001
257,4571,1,2,199,199,System Cancels reshop PUT order,Cancelled reshop order by Backend system for No OPC message for a long time,07/16/2014 11:26:04,GECWWBTLORDER0001,NULL,NULL
215,4571,1,1,56,56,Fraud,Fraud,06/14/2014 01:59:46,GECWWBTLORDER0001,01/19/2017 01:09:56,GECWWBTLORDER0001
93,4571,1,3,128,128,Test Adjustment,NULL,04/25/2014 12:00:00,GECWWBTLFIN0002,01/19/2017 03:02:25,GECWWBTLFIN0003
162,4571,1,3,178,178,Customer Changed Mind,NULL,04/25/2014 12:00:00,GECWWBTLFIN0002,01/19/2017 03:02:25,GECWWBTLFIN0003
282,4571,7,1,168,168,Lost After Delivery,Lost After Delivery,04/28/2016 11:38:04,GECWWBTLFIN0002,NULL,NULL
40,4571,1,2,194,194,Carrier Method not available,Order Resolution page: Carrier Method not available,04-10-2014 10:01,GECWWBTLORDER0001,04/25/2014 06:02:11,GECWWBTLORDER0001
49,4571,1,3,203,203,Cross Dock First Recharge,NULL,04/25/2014 12:00:00,GECWWBTLFIN0002,01/19/2017 03:02:25,GECWWBTLFIN0003
148,4571,1,3,190,190,Copyright Issue,NULL,04/25/2014 12:00:00,GECWWBTLFIN0002,01/19/2017 03:02:25,GECWWBTLFIN0003
322,4571,7,1,171,171,Lost in Store,Lost in Store,11-11-2016 08:46,GECWWBTLORDER0001,NULL,NULL
110,4571,1,3,141,141,Lost in Transit (Replacement Order) CL,NULL,04/25/2014 12:00:00,GECWWBTLFIN0002,01/19/2017 03:02:25,GECWWBTLFIN0003
312,4571,15,3,-999,-999,Doesnot work/poor quality,Doesnot work/poor quality,08-11-2016 11:51,GECWWBTLORDER0014,01-11-2017 10:27,GECWWBTLORDER0014
70,4571,1,3,2,2,OLD_Damaged,NULL,04/25/2014 12:00:00,GECWWBTLFIN0002,01/19/2017 03:02:25,GECWWBTLFIN0003
337,4571,7,4,53,53,Damage,Damage,12/15/2016 01:27:55,GECWWBTLFIN0002,NULL,NULL
154,4571,1,3,174,174,S2S package Damaged at RDC,NULL,04/25/2014 12:00:00,GECWWBTLFIN0002,01/19/2017 03:02:25,GECWWBTLFIN0003
326,4571,7,4,95,95,Missing Parts / Instructions,Missing Parts / Instructions,12/15/2016 01:27:55,GECWWBTLFIN0002,NULL,NULL
28,4571,1,2,186,186,Out of Stock or Unavailable,Out of Stock or Unavailable,04-10-2014 10:01,GECWWBTLORDER0001,04/25/2014 06:02:11,GECWWBTLORDER0001
343,4571,7,4,100,100,Item Missing From Box,Item Missing From Box,12/15/2016 01:27:55,GECWWBTLFIN0002,NULL,NULL
183,4571,1,3,357,357,S2S Error,NULL,05/20/2014 12:00:00,GECWWBTLFIN0002,01/19/2017 03:02:25,GECWWBTLFIN0003
66,4571,1,3,135,135,Wrong Download Sent,NULL,04/25/2014 12:00:00,GECWWBTLFIN0002,01/19/2017 03:02:25,GECWWBTLFIN0003
5,4571,1,2,164,164,Cancelled by Distributor,Cancelled by Distributor,04-10-2014 10:01,GECWWBTLORDER0001,04/25/2014 06:02:11,GECWWBTLORDER0001
108,4571,1,3,102,102,Arrived Defrosted,NULL,04/25/2014 12:00:00,GECWWBTLFIN0002,01/19/2017 03:02:25,GECWWBTLFIN0003
122,4571,1,3,106,106,Carrier Delay,NULL,04/25/2014 12:00:00,GECWWBTLFIN0002,01/19/2017 03:02:25,GECWWBTLFIN0003
45,4571,1,2,182,182,Cancelled by MP PARTNER - MARKET PLACE TIMEOUT,last chance for MP PARTNER TO CANCEL,04-10-2014 10:01,GECWWBTLORDER0001,04/25/2014 06:02:11,GECWWBTLORDER0001
223,4571,1,1,65,65,Subscription Cancellation,Subscription Cancellation,06/14/2014 01:59:46,GECWWBTLORDER0001,01/19/2017 01:09:56,GECWWBTLORDER0001
263,4571,1,1,144,144,Intent to Cancel Failed,Intent to Cancel Failed,11-03-2014 11:48,GECWWBTLORDER0001,01/19/2017 01:09:56,GECWWBTLORDER0001
59,4571,1,3,119,119,Incorrect Item Received,NULL,04/25/2014 12:00:00,GECWWBTLFIN0002,01/19/2017 03:02:25,GECWWBTLFIN0003
150,4571,1,3,154,154,Customer Return,NULL,04/25/2014 12:00:00,GECWWBTLFIN0002,01/19/2017 03:02:25,GECWWBTLFIN0003
167,4571,1,3,153,153,Fraud,NULL,04/25/2014 12:00:00,GECWWBTLFIN0002,01/19/2017 03:02:25,GECWWBTLFIN0003
335,4571,7,4,54,54,Manufacture Defect: Does Not Work,Manufacture Defect: Does Not Work,12/15/2016 01:27:55,GECWWBTLFIN0002,NULL,NULL
179,4571,1,3,172,172,S2S package Lost in transit at WPM,NULL,04/25/2014 12:00:00,GECWWBTLFIN0002,01/19/2017 03:02:25,GECWWBTLFIN0003
333,4571,7,4,63,63,Late To Arrive,Late To Arrive,12/15/2016 01:27:55,GECWWBTLFIN0002,NULL,NULL
305,4571,15,3,-999,-999,Wrong item received,Wrong item received,08-11-2016 11:51,GECWWBTLORDER0014,01-11-2017 10:27,GECWWBTLORDER0014
36,4571,1,2,161,161,Cancelled by System - Kiosk timeout,"Payment for kiosk order has not been received, past allotted time",04-10-2014 10:01,GECWWBTLORDER0001,04/25/2014 06:02:11,GECWWBTLORDER0001
324,4571,7,1,173,173,Changed Mind: No longer Wanted,Changed Mind: No longer Wanted,11-11-2016 10:53,GECWWBTLORDER0001,NULL,NULL
289,4571,16,3,DRR,-999,DRIVER Subs-Not Req Gds Rtnd,DRIVER Subs-Not Req Gds Rtnd,08-11-2016 11:51,GECWWBTLORDER0014,01-11-2017 10:27,GECWWBTLORDER0014
169,4571,1,3,159,159,Manufacturer Defect: Does Not Work,NULL,04/25/2014 12:00:00,GECWWBTLFIN0002,01/19/2017 03:02:25,GECWWBTLFIN0003
230,4571,1,1,72,72,Bad Shipping Label,Bad Shipping Label,06/14/2014 01:59:46,GECWWBTLORDER0001,01/19/2017 01:09:56,GECWWBTLORDER0001
261,4571,1,1,145,145,Bought Somewhere Else,Bought Somewhere Else,11-03-2014 11:48,GECWWBTLORDER0001,01/19/2017 01:09:56,GECWWBTLORDER0001
61,4571,1,3,120,120,Stopped working after receipt,NULL,04/25/2014 12:00:00,GECWWBTLFIN0002,01/19/2017 03:02:25,GECWWBTLFIN0003
228,4571,1,1,70,70,Received Someone Else s Item,Received Someone Else's Item,06/14/2014 01:59:46,GECWWBTLORDER0001,01/19/2017 01:09:56,GECWWBTLORDER0001
19,4571,1,2,150,150,Cancelled by Customer,Customer Cancels Order,04-10-2014 10:01,GECWWBTLORDER0001,04/25/2014 06:02:11,GECWWBTLORDER0001
106,4571,1,3,123,123,Tried to Cancel,NULL,04/25/2014 12:00:00,GECWWBTLFIN0002,01/19/2017 03:02:25,GECWWBTLFIN0003
57,4571,1,3,129,129,Customer Return,NULL,04/25/2014 12:00:00,GECWWBTLFIN0002,01/19/2017 03:02:25,GECWWBTLFIN0003
362,4571,7,3,823,823,Rotten/Moldy/Defrosted,Rotten/Moldy/Defrosted,01-03-2017 04:46,GECWWBTLFIN0002,NULL,NULL
213,4571,1,1,54,54,Manufacturer Defect Does Not Work,Manufacturer Defect: Does Not Work,06/14/2014 01:59:46,GECWWBTLORDER0001,01/19/2017 01:09:56,GECWWBTLORDER0001
207,4571,1,1,141,141,S2S Fraud,S2S Fraud,06/14/2014 01:59:46,GECWWBTLORDER0001,01/19/2017 01:09:56,GECWWBTLORDER0001
47,4571,1,2,188,188,Manual AML Cancel by Finance,Manual AML Cancel by Finance  Customer AML validation failed.,04-10-2014 10:01,GECWWBTLORDER0001,04/25/2014 06:02:11,GECWWBTLORDER0001
68,4571,1,3,299,299,POS Reconciliation,NULL,04/25/2014 12:00:00,GECWWBTLFIN0002,01/19/2017 03:02:25,GECWWBTLFIN0003
265,4571,1,3,362,362,Not happy with ShippingPass offering/assortment,NULL,03/19/2015 12:00:00,GECWWBTLFIN0003,01/19/2017 03:02:25,GECWWBTLFIN0003
101,4571,1,3,208,208,Pharmacy Gift Card Campaign,NULL,04/25/2014 12:00:00,GECWWBTLFIN0002,01/19/2017 03:02:25,GECWWBTLFIN0003
120,4571,1,3,351,351,Preorder Price,NULL,04/25/2014 12:00:00,GECWWBTLFIN0002,01/19/2017 03:02:25,GECWWBTLFIN0003
190,4571,1,1,105,105,Damaged - In transit,Damaged - In transit,06/14/2014 01:59:46,GECWWBTLORDER0001,01/19/2017 01:09:56,GECWWBTLORDER0001
293,4571,16,3,DUN,-999,DRIVER Quality-Goods not Rtnd,DRIVER Quality-Goods not Rtnd,08-11-2016 11:51,GECWWBTLORDER0014,01-11-2017 10:27,GECWWBTLORDER0014
97,4571,1,3,132,132,Technical Difficulties License Acquisition Failure,NULL,04/25/2014 12:00:00,GECWWBTLFIN0002,01/19/2017 03:02:25,GECWWBTLFIN0003
247,4571,1,1,89,89,Poor Cropping,Poor Cropping,06/14/2014 01:59:46,GECWWBTLORDER0001,01/19/2017 01:09:56,GECWWBTLORDER0001
118,4571,1,3,9,9,Competitive Price Match,NULL,04/25/2014 12:00:00,GECWWBTLFIN0002,01/19/2017 03:02:25,GECWWBTLFIN0003
131,4571,1,3,199,199,PuT price adjustment,NULL,04/25/2014 12:00:00,GECWWBTLFIN0002,01/19/2017 03:02:25,GECWWBTLFIN0003
244,4571,1,1,86,86,Carrier Delay,Carrier Delay,06/14/2014 01:59:46,GECWWBTLORDER0001,01/19/2017 01:09:56,GECWWBTLORDER0001
284,4571,7,1,170,170,Regular Customer Req,Regular Customer Req,04/28/2016 11:38:04,GECWWBTLFIN0002,NULL,NULL
371,4571,7,3,825,825,Short Date (within range),Short Date (within range),01-03-2017 04:46,GECWWBTLFIN0002,NULL,NULL
158,4571,1,3,175,175,S2S package Lost in transit at RDC,NULL,04/25/2014 12:00:00,GECWWBTLFIN0002,01/19/2017 03:02:25,GECWWBTLFIN0003
125,4571,1,3,113,113,Rollback,NULL,04/25/2014 12:00:00,GECWWBTLFIN0002,01/19/2017 03:02:25,GECWWBTLFIN0003
248,4571,1,1,90,90,Poor Resolution,Poor Resolution,06/14/2014 01:59:46,GECWWBTLORDER0001,01/19/2017 01:09:56,GECWWBTLORDER0001
151,4571,1,3,173,173,S2S package Damaged at WPM,NULL,04/25/2014 12:00:00,GECWWBTLFIN0002,01/19/2017 03:02:25,GECWWBTLFIN0003
262,4571,1,1,146,146,Nothing is Wrong,Nothing is Wrong,11-03-2014 11:48,GECWWBTLORDER0001,01/19/2017 01:09:56,GECWWBTLORDER0001
113,4571,1,3,99,99,Other,NULL,04/25/2014 12:00:00,GECWWBTLFIN0002,01/19/2017 03:02:25,GECWWBTLFIN0003
225,4571,1,1,67,67,Bad Address,Bad Address,06/14/2014 01:59:46,GECWWBTLORDER0001,01/19/2017 01:09:56,GECWWBTLORDER0001
103,4571,1,3,147,147,Never Arrived - Duplicate Tracking CL,NULL,04/25/2014 12:00:00,GECWWBTLFIN0002,01/19/2017 03:02:25,GECWWBTLFIN0003
294,4571,16,3,DUR,-999,DRIVER Quality-Goods Rtnd,DRIVER Quality-Goods Rtnd,08-11-2016 11:51,GECWWBTLORDER0014,01-11-2017 10:27,GECWWBTLORDER0014
124,4571,1,3,4,4,OLD_Did not order,NULL,04/25/2014 12:00:00,GECWWBTLFIN0002,01/19/2017 03:02:25,GECWWBTLFIN0003
52,4571,1,3,303,303,Age Restricted,NULL,04/25/2014 12:00:00,GECWWBTLFIN0002,01/19/2017 03:02:25,GECWWBTLFIN0003
8,4571,1,2,166,166,Cancelled by System - check failure,Online check failed authorization in batch mode,04-10-2014 10:01,GECWWBTLORDER0001,04/25/2014 06:02:11,GECWWBTLORDER0001
2,4571,1,2,168,168,Cancelled by System - digital download order,Digital downloads order cancelled by system,04-10-2014 10:01,GECWWBTLORDER0001,04/25/2014 06:02:11,GECWWBTLORDER0001
246,4571,1,1,88,88,Did Not Meet Expectations photo ,Did Not Meet Expectations (photo),06/14/2014 01:59:46,GECWWBTLORDER0001,01/19/2017 01:09:56,GECWWBTLORDER0001
199,4571,1,1,114,114,S2S Damaged,S2S Damaged,06/14/2014 01:59:46,GECWWBTLORDER0001,01/19/2017 01:09:56,GECWWBTLORDER0001
336,4571,7,4,404,404,Warehouse Fulfillment Error,Warehouse Fulfillment Error,12/15/2016 01:27:55,GECWWBTLFIN0002,NULL,NULL
42,4571,1,2,192,192,Bulk Purchase,Order Resolution page: Bulk Purchase,04-10-2014 10:01,GECWWBTLORDER0001,04/25/2014 06:02:11,GECWWBTLORDER0001
4,4571,1,2,154,154,Cancelled by Fianance,Finance Cancels Order due to FIANANCE HELD or FINANCE CANCEL,04-10-2014 10:01,GECWWBTLORDER0001,04/25/2014 06:02:11,GECWWBTLORDER0001
227,4571,1,1,69,69,Duplicate Item Received,Duplicate Item Received,06/14/2014 01:59:46,GECWWBTLORDER0001,01/19/2017 01:09:56,GECWWBTLORDER0001
46,4571,1,2,181,181,Cancelled by System - PROCESSING ERROR,PROCESSING ERROR DUE TO ITEM MERGE OR SPLIT,04-10-2014 10:01,GECWWBTLORDER0001,04/25/2014 06:02:11,GECWWBTLORDER0001
288,4571,16,3,DRN,-999,DRIVER Subs-Not Req Gds not Rtnd,DRIVER Subs-Not Req Gds not Rtnd,08-11-2016 11:51,GECWWBTLORDER0014,01-11-2017 10:27,GECWWBTLORDER0014
109,4571,1,3,143,143,Never Shipped,NULL,04/25/2014 12:00:00,GECWWBTLFIN0002,01/19/2017 03:02:25,GECWWBTLFIN0003
126,4571,1,3,8,8,Dissatisfied,NULL,04/25/2014 12:00:00,GECWWBTLFIN0002,01/19/2017 03:02:25,GECWWBTLFIN0003
165,4571,1,3,170,170,Regular Customer Request,NULL,04/25/2014 12:00:00,GECWWBTLFIN0002,01/19/2017 03:02:25,GECWWBTLFIN0003
290,4571,16,3,DQN,-999,DRIVER Quantity-Goods not Rtnd,DRIVER Quantity-Goods not Rtnd,08-11-2016 11:51,GECWWBTLORDER0014,01-11-2017 10:27,GECWWBTLORDER0014
208,4571,1,1,142,142,Warranty auto-refunded due to associated item cancelled/refunded ,Warranty auto-refunded due to associated item cancelled/refunded ,06/14/2014 01:59:46,GECWWBTLORDER0001,01/19/2017 01:09:56,GECWWBTLORDER0001
315,4571,7,2,1,-999,Customer requested seller to cancel,Customer requested seller to cancel,08/30/2016 04:35:51,GECWWBTLORDER0001,08/30/2016 04:35:51,GECWWBTLORDER0001
153,4571,1,3,166,166,DVD Close Account,NULL,04/25/2014 12:00:00,GECWWBTLFIN0002,01/19/2017 03:02:25,GECWWBTLFIN0003
18,4571,1,2,187,187,Recall,Recall,04-10-2014 10:01,GECWWBTLORDER0001,04/25/2014 06:02:11,GECWWBTLORDER0001
128,4571,1,3,353,353,Bulk Purchase,NULL,04/25/2014 12:00:00,GECWWBTLFIN0002,01/19/2017 03:02:25,GECWWBTLFIN0003
233,4571,1,1,75,75,Arrived Damaged replacement order ,Arrived Damaged (replacement order),06/14/2014 01:59:46,GECWWBTLORDER0001,01/19/2017 01:09:56,GECWWBTLORDER0001
306,4571,15,3,-999,-999,Wrong quantity,Wrong quantity,08-11-2016 11:51,GECWWBTLORDER0014,01-11-2017 10:27,GECWWBTLORDER0014
115,4571,1,3,207,207,Pay in person - sales tax adjustment,NULL,04/25/2014 12:00:00,GECWWBTLFIN0002,01/19/2017 03:02:25,GECWWBTLFIN0003
24,4571,1,2,162,162,Cancelled by System,"Finance Cancel not reversed in 14 days, past allotted time",04-10-2014 10:01,GECWWBTLORDER0001,04/25/2014 06:02:11,GECWWBTLORDER0001
264,4571,1,3,359,359,ShippingPass Subscription Cancellation,NULL,01/19/2015 12:00:00,GECWWBTLFIN0002,01/19/2017 03:02:25,GECWWBTLFIN0003
156,4571,1,3,184,184,S2S Package damaged in transit,NULL,04/25/2014 12:00:00,GECWWBTLFIN0002,01/19/2017 03:02:25,GECWWBTLFIN0003
16,4571,1,2,151,151,Cancelled by Customer,Customer Cancels Line,04-10-2014 10:01,GECWWBTLORDER0001,04/25/2014 06:02:11,GECWWBTLORDER0001
274,4571,7,1,EX,-999,Order Expired,Order Expired,04/19/2016 01:21:43,GECWWBTLFIN0002,NULL,NULL
26,4571,1,2,177,177,Cancelled by System - PayPal Real time Auth Fail,Cancelled by the system becuase PayPal capture failed,04-10-2014 10:01,GECWWBTLORDER0001,04/25/2014 06:02:11,GECWWBTLORDER0001
329,4571,7,4,400,400,Poor Customer Care Experience,Poor Customer Care Experience,12/15/2016 01:27:55,GECWWBTLFIN0002,NULL,NULL
181,4571,1,3,356,356,Item was adjusted under the Preorder Price Promise program,NULL,05/20/2014 12:00:00,GECWWBTLFIN0002,01/19/2017 03:02:25,GECWWBTLFIN0003
166,4571,1,3,171,171,S2S item was Wrong,NULL,04/25/2014 12:00:00,GECWWBTLFIN0002,01/19/2017 03:02:25,GECWWBTLFIN0003
185,4571,1,1,100,100,Item missing from box,Item missing from box,06/14/2014 01:59:46,GECWWBTLORDER0001,01/19/2017 01:09:56,GECWWBTLORDER0001
107,4571,1,3,134,134,Customer Dissatisfied,NULL,04/25/2014 12:00:00,GECWWBTLFIN0002,01/19/2017 03:02:25,GECWWBTLFIN0003
130,4571,1,3,198,198,Recall,NULL,04/25/2014 12:00:00,GECWWBTLFIN0002,01/19/2017 03:02:25,GECWWBTLFIN0003
321,4571,7,1,48,48,S2S or PuT Cancellation post-Shipment,S2S or PuT Cancellation post-Shipment,09/22/2016 02:54:11,GECWWBTLFIN0002,09/27/2016 03:07:08,GECWWBTLORDER0001
