RTN_RSN_ID,RTN_RSN_CD,RTN_RSN_DESC,CRE_USER,CRE_DT,UPD_USER,UPD_TS
27,123,ISC Missing at store,GECWWBTLOR,03-05-2014,GECWWBTLOR,03-05-2014 10:47
29,14,Footwear - Too tight,GECWWBTLOR,03-05-2014,GECWWBTLOR,03-05-2014 10:47
54,34,BR-Chasing Refund outside SLA-Col Comp,GECWWBTLOR,03-07-2014,GECWWBTLOR,03-07-2014 02:49
37,8,Customer ordered wrong item,GECWWBTLOR,03-05-2014,GECWWBTLOR,03-05-2014 10:47
21,118,ISC Cancelled Missing in transit,GECWWBTLOR,03-05-2014,GECWWBTLOR,03-05-2014 10:47
14,111,ISC Didn't fit - too long,GECWWBTLOR,03-05-2014,GECWWBTLOR,03-05-2014 10:47
43,Damaged / Broken stock,UNKNOWN,GECWWBTLOR,03-06-2014,GECWWBTLOR,03-06-2014 09:19
8,106,ISC Item received later than promised,GECWWBTLOR,03-05-2014,GECWWBTLOR,03-05-2014 10:47
35,6,Received later than delivery promise,GECWWBTLOR,03-05-2014,GECWWBTLOR,03-05-2014 10:47
2,10,Didn't Fit - Too Big,GECWWBTLOR,03-05-2014,GECWWBTLOR,03-05-2014 10:47
25,121,ISC Product recall,GECWWBTLOR,03-05-2014,GECWWBTLOR,03-05-2014 10:47
6,104,ISC Item not as specified,GECWWBTLOR,03-05-2014,GECWWBTLOR,03-05-2014 10:47
4,102,ISC Damaged / broken,GECWWBTLOR,03-05-2014,GECWWBTLOR,03-05-2014 10:47
44,Item not as specified,UNKNOWN,GECWWBTLOR,03-06-2014,GECWWBTLOR,03-06-2014 09:19
46,Order was cancelled,UNKNOWN,GECWWBTLOR,03-06-2014,GECWWBTLOR,03-06-2014 09:19
12,11,Didn't Fit - Too Short,GECWWBTLOR,03-05-2014,GECWWBTLOR,03-05-2014 10:47
20,117,ISC Not collected from store,GECWWBTLOR,03-05-2014,GECWWBTLOR,03-05-2014 10:47
48,Wrong item despatched,UNKNOWN,GECWWBTLOR,03-06-2014,GECWWBTLOR,03-06-2014 09:19
1,1,Wrong Item Dispatched,GECWWBTLOR,03-05-2014,GECWWBTLOR,03-05-2014 10:47
3,101,ISC Wrong item dispatched,GECWWBTLOR,03-05-2014,GECWWBTLOR,03-05-2014 10:47
31,2,Damaged / Broken,GECWWBTLOR,03-05-2014,GECWWBTLOR,03-05-2014 10:47
41,AHT,UNKNOWN,GECWWBTLOR,03-05-2014,GECWWBTLOR,03-05-2014 07:26
33,4,Item not as specified,GECWWBTLOR,03-05-2014,GECWWBTLOR,03-05-2014 10:47
10,108,ISC Didn't fit - too small,GECWWBTLOR,03-05-2014,GECWWBTLOR,03-05-2014 10:47
18,115,ISC Other,GECWWBTLOR,03-05-2014,GECWWBTLOR,03-05-2014 10:47
7,105,ISC Order was cancelled,GECWWBTLOR,03-05-2014,GECWWBTLOR,03-05-2014 10:47
22,119,ISC Damaged in transit,GECWWBTLOR,03-05-2014,GECWWBTLOR,03-05-2014 10:47
39,RAD,UNKNOWN,GECWWBTLOR,03-05-2014,GECWWBTLOR,03-05-2014 10:47
24,120,ISC Wrong store in transit,GECWWBTLOR,03-05-2014,GECWWBTLOR,03-05-2014 10:47
56,127,Client request - Client initiated,GECWWBTLOR,10/29/2015,GECWWBTLOR,10/29/2015 04:46:03
58,128,Advice not received,GECWWBTLOR,10/19/2016,GECWWBTLOR,10/19/2016 10:07:14
34,5,Order was cancelled,GECWWBTLOR,03-05-2014,GECWWBTLOR,03-05-2014 10:47
15,112,ISC Picture different to product,GECWWBTLOR,03-05-2014,GECWWBTLOR,03-05-2014 10:47
50,30,Blind Return - Returned to Clipper,GECWWBTLOR,03-07-2014,GECWWBTLOR,03-07-2014 02:49
53,33,BR-Lost in Transit-Cust Dispute Delivery,GECWWBTLOR,03-07-2014,GECWWBTLOR,03-07-2014 02:49
13,110,ISC Didn't fit - too short,GECWWBTLOR,03-05-2014,GECWWBTLOR,03-05-2014 10:47
55,125,Blind - Unable to collect from Lockerbox,GECWWBTLOR,05-11-2015,GECWWBTLOR,05-11-2015 09:58
38,9,Didn't Fit - Too Small,GECWWBTLOR,03-05-2014,GECWWBTLOR,03-05-2014 10:47
16,113,ISC Footwear - too tight,GECWWBTLOR,03-05-2014,GECWWBTLOR,03-05-2014 10:47
30,15,Footwear - Too loose,GECWWBTLOR,03-05-2014,GECWWBTLOR,03-05-2014 10:47
51,31,Blind Return - Lost in Carrier Network,GECWWBTLOR,03-07-2014,GECWWBTLOR,03-07-2014 02:49
11,109,ISC Didn't fit - too big,GECWWBTLOR,03-05-2014,GECWWBTLOR,03-05-2014 10:47
9,107,ISC Changed mind,GECWWBTLOR,03-05-2014,GECWWBTLOR,03-05-2014 10:47
23,12,Didn't Fit - Too Long,GECWWBTLOR,03-05-2014,GECWWBTLOR,03-05-2014 10:47
-999,-999,-999,GECWWBTLOR,03-04-2014,GECWWBTLOR,03-04-2014 04:33
17,114,ISC Footwear - too loose,GECWWBTLOR,03-05-2014,GECWWBTLOR,03-05-2014 10:47
32,3,Parts Missing,GECWWBTLOR,03-05-2014,GECWWBTLOR,03-05-2014 10:47
26,122,ISC Customer rejected order after error,GECWWBTLOR,03-05-2014,GECWWBTLOR,03-05-2014 10:47
40,124,ISC Customer Cancelled,GECWWBTLOR,03-05-2014,GECWWBTLOR,03-05-2014 07:26
49,Wrong item ordered,UNKNOWN,GECWWBTLOR,03-06-2014,GECWWBTLOR,03-06-2014 09:19
28,13,Colour not like catalogue / web picture,GECWWBTLOR,03-05-2014,GECWWBTLOR,03-05-2014 10:47
5,103,ISC Parts missing,GECWWBTLOR,03-05-2014,GECWWBTLOR,03-05-2014 10:47
45,Not known at address,UNKNOWN,GECWWBTLOR,03-06-2014,GECWWBTLOR,03-06-2014 09:19
36,7,Changed Mind,GECWWBTLOR,03-05-2014,GECWWBTLOR,03-05-2014 10:47
19,116,ISC Rejected in transit,GECWWBTLOR,03-05-2014,GECWWBTLOR,03-05-2014 10:47
57,126,Delivered damaged by client,GECWWBTLOR,12-03-2015,GECWWBTLOR,12-03-2015 10:12
47,Parts missing,UNKNOWN,GECWWBTLOR,03-06-2014,GECWWBTLOR,03-06-2014 09:19
52,32,Blind Return-Damaged in Carrier Network,GECWWBTLOR,03-07-2014,GECWWBTLOR,03-07-2014 02:49
42,Customer changed mind,UNKNOWN,GECWWBTLOR,03-06-2014,GECWWBTLOR,03-06-2014 09:19
