STS_ID,STS_MASTER_ID,TENANT_ORG_ID,DATA_SRC_ID,STS_CD,SRC_STS_ID,STS_DESC,STS_LONG_DESC,CRE_TS,CRE_USER,UPD_TS,UPD_USER
81,81,4571,1,7,7,PARTIAL_SHIPPED,"Customer Order / PO: the order has been partly shipped, and is partly backordered",04-10-2014 10:01,GECWWBTLORDER0001,04-10-2014 10:01,skamat2
670,NULL,4571,7,1100,NULL,Shipment Created,Shipment Created,11-07-2014 11:11,GECWWBTLORDER0001,NULL,NULL
656,NULL,4571,7,1000,NULL,Offered,Offered,11-07-2014 11:11,GECWWBTLORDER0001,NULL,NULL
674,NULL,4571,7,1100,NULL,Shipment Created,Shipment Created,11-07-2014 11:11,GECWWBTLORDER0001,NULL,NULL
1362,NULL,4571,16,1100.81,NULL,Order Delivered,Order Delivered,08-03-2016 12:00,GECWWBTLORDER0001,NULL,
418,418,4571,1,334,334,PENDING,Corporate Application Pending,04-10-2014 10:01,GECWWBTLORDER0001,04-10-2014 10:01,skamat2
1196,324,4571,7,R368,1196,The authorization is being processed.,The authorization is being processed.,06/29/2015 04:05:07,GECWWBTLORDER0001,06/29/2015 04:05:07,GECWWBTLORDER0001
673,NULL,4571,7,1100,NULL,Load Created,Load Created,11-07-2014 11:11,GECWWBTLORDER0001,NULL,NULL
948,NULL,4571,7,3950.01,NULL,Return Invoiced,Return Invoiced,11-07-2014 11:11,GECWWBTLORDER0001,NULL,NULL
950,NULL,4571,7,3950.01.01,NULL,Returned To RC,Returned To RC,11-07-2014 11:11,GECWWBTLORDER0001,NULL,NULL
1337,NULL,4571,7,1100.73,NULL,VR Invoiced Pending Receipt,VR Invoiced Pending Receipt,11/18/2015 07:16:34,GECWWBTLORDER0005,NULL,NULL
679,482,4571,7,1100,NULL,Created,Created,11-07-2014 11:11,GECWWBTLORDER0001,NULL,skamat2
969,419,4571,7,9000,NULL,Cancelled,Cancelled,11-07-2014 11:11,GECWWBTLORDER0001,NULL,skamat2
897,637,4571,7,3700,NULL,Shipped,Shipped,11-07-2014 11:11,GECWWBTLORDER0001,NULL,skamat2
1004,81,4571,7,999,NULL,PARTIAL_SHIPPED,PARTIAL_SHIPPED,06/25/2015 06:01:36,skamat2,NULL,NULL
764,230,4571,7,1300,NULL,Back Ordered,Backordered,11-07-2014 11:11,GECWWBTLORDER0001,08-05-2015 12:00,GECWWBTLORDER0001
966,419,4571,7,9000,NULL,Cancelled,Cancelled,11-07-2014 11:11,GECWWBTLORDER0001,NULL,skamat2
713,NULL,4571,7,1100.5,NULL,Received At Store,Received At Store,11-07-2014 11:11,GECWWBTLORDER0001,NULL,NULL
1342,NULL,4571,7,1100.9,NULL,Return Invoiced Item Not Expected,Return Invoiced Item Not Expected,01/15/2016 09:05:45,GECWWBTLORDER0005,NULL,NULL
1344,NULL,4571,7,3950.09,NULL,Invoiced and Receipt Closed,Invoiced and Receipt Closed,01/15/2016 09:05:45,GECWWBTLORDER0005,NULL,NULL
718,NULL,4571,7,1100.7,NULL,Virtual Return Created,Virtual Return Created,11-07-2014 11:11,GECWWBTLORDER0001,NULL,NULL
938,NULL,4571,7,3900,NULL,Received,Received,11-07-2014 11:11,GECWWBTLORDER0001,NULL,NULL
715,NULL,4571,7,1100.6,NULL,Received At Store And Invoiced,Received At Store And Invoiced,11-07-2014 11:11,GECWWBTLORDER0001,NULL,NULL
1343,NULL,4571,7,3900.09,NULL,Invoiced and Received,Invoiced and Received,01/15/2016 09:05:45,GECWWBTLORDER0005,NULL,NULL
680,482,4571,7,1100,NULL,Created,Created,11-07-2014 11:11,GECWWBTLORDER0001,NULL,skamat2
